-- MySQL dump 10.13  Distrib 8.0.41, for macos15 (x86_64)
--
-- Host: localhost    Database: united_helpers
-- ------------------------------------------------------
-- Server version	8.0.41

/*!40101 SET @OLD_CHARACTER_SET_CLIENT=@@CHARACTER_SET_CLIENT */;
/*!40101 SET @OLD_CHARACTER_SET_RESULTS=@@CHARACTER_SET_RESULTS */;
/*!40101 SET @OLD_COLLATION_CONNECTION=@@COLLATION_CONNECTION */;
/*!50503 SET NAMES utf8 */;
/*!40103 SET @OLD_TIME_ZONE=@@TIME_ZONE */;
/*!40103 SET TIME_ZONE='+00:00' */;
/*!40014 SET @OLD_UNIQUE_CHECKS=@@UNIQUE_CHECKS, UNIQUE_CHECKS=0 */;
/*!40014 SET @OLD_FOREIGN_KEY_CHECKS=@@FOREIGN_KEY_CHECKS, FOREIGN_KEY_CHECKS=0 */;
/*!40101 SET @OLD_SQL_MODE=@@SQL_MODE, SQL_MODE='NO_AUTO_VALUE_ON_ZERO' */;
/*!40111 SET @OLD_SQL_NOTES=@@SQL_NOTES, SQL_NOTES=0 */;

--
-- Table structure for table `assignment`
--

DROP TABLE IF EXISTS `assignment`;
/*!40101 SET @saved_cs_client     = @@character_set_client */;
/*!50503 SET character_set_client = utf8mb4 */;
CREATE TABLE `assignment` (
  `volunteerId` int NOT NULL,
  `taskCode` int NOT NULL,
  `startDateTime` datetime DEFAULT NULL,
  `endDateTime` datetime DEFAULT NULL,
  PRIMARY KEY (`volunteerId`,`taskCode`),
  KEY `taskCode` (`taskCode`),
  CONSTRAINT `assignment_ibfk_1` FOREIGN KEY (`volunteerId`) REFERENCES `volunteer` (`volunteerId`),
  CONSTRAINT `assignment_ibfk_2` FOREIGN KEY (`taskCode`) REFERENCES `task` (`taskCode`)
) ENGINE=InnoDB DEFAULT CHARSET=utf8mb4 COLLATE=utf8mb4_0900_ai_ci;
/*!40101 SET character_set_client = @saved_cs_client */;

--
-- Dumping data for table `assignment`
--

LOCK TABLES `assignment` WRITE;
/*!40000 ALTER TABLE `assignment` DISABLE KEYS */;
INSERT INTO `assignment` VALUES (1,1,'2024-03-01 10:00:00','2024-03-01 14:00:00'),(1,2,'2024-03-02 09:00:00','2024-03-02 12:00:00'),(2,3,'2024-03-02 13:00:00','2024-03-02 17:00:00'),(3,4,'2024-03-03 08:00:00','2024-03-03 12:00:00'),(4,5,'2024-03-04 09:00:00','2024-03-04 13:00:00'),(5,6,'2024-03-05 07:00:00','2024-03-05 11:00:00'),(6,7,'2024-03-06 12:00:00','2024-03-06 16:00:00'),(7,8,'2024-03-07 10:00:00','2024-03-07 15:00:00'),(8,9,'2024-03-08 09:00:00','2024-03-08 14:00:00'),(9,10,'2024-03-09 11:00:00','2024-03-09 17:00:00');
/*!40000 ALTER TABLE `assignment` ENABLE KEYS */;
UNLOCK TABLES;

--
-- Table structure for table `item`
--

DROP TABLE IF EXISTS `item`;
/*!40101 SET @saved_cs_client     = @@character_set_client */;
/*!50503 SET character_set_client = utf8mb4 */;
CREATE TABLE `item` (
  `itemId` int NOT NULL AUTO_INCREMENT,
  `itemDescription` varchar(500) DEFAULT NULL,
  `itemValue` decimal(10,2) DEFAULT NULL,
  `quantityOnHand` int DEFAULT NULL,
  PRIMARY KEY (`itemId`)
) ENGINE=InnoDB AUTO_INCREMENT=11 DEFAULT CHARSET=utf8mb4 COLLATE=utf8mb4_0900_ai_ci;
/*!40101 SET character_set_client = @saved_cs_client */;

--
-- Dumping data for table `item`
--

LOCK TABLES `item` WRITE;
/*!40000 ALTER TABLE `item` DISABLE KEYS */;
INSERT INTO `item` VALUES (1,'Bandages',1.50,500),(2,'Antiseptic',3.00,300),(3,'Painkillers',5.00,200),(4,'Diapers',10.00,150),(5,'Baby Food',2.50,250),(6,'Rice',1.00,1000),(7,'Canned Food',2.00,700),(8,'Water Bottles',0.50,1200),(9,'Blankets',12.00,100),(10,'Flashlights',8.00,75);
/*!40000 ALTER TABLE `item` ENABLE KEYS */;
UNLOCK TABLES;

--
-- Table structure for table `package`
--

DROP TABLE IF EXISTS `package`;
/*!40101 SET @saved_cs_client     = @@character_set_client */;
/*!50503 SET character_set_client = utf8mb4 */;
CREATE TABLE `package` (
  `packageId` int NOT NULL AUTO_INCREMENT,
  `taskCode` int NOT NULL,
  `packageTypeId` int NOT NULL,
  `packageCreateDate` date DEFAULT NULL,
  `packageWeight` decimal(10,2) DEFAULT NULL,
  PRIMARY KEY (`packageId`),
  KEY `taskCode` (`taskCode`),
  KEY `packageTypeId` (`packageTypeId`),
  CONSTRAINT `package_ibfk_1` FOREIGN KEY (`taskCode`) REFERENCES `task` (`taskCode`),
  CONSTRAINT `package_ibfk_2` FOREIGN KEY (`packageTypeId`) REFERENCES `package_type` (`packageTypeId`)
) ENGINE=InnoDB AUTO_INCREMENT=6 DEFAULT CHARSET=utf8mb4 COLLATE=utf8mb4_0900_ai_ci;
/*!40101 SET character_set_client = @saved_cs_client */;

--
-- Dumping data for table `package`
--

LOCK TABLES `package` WRITE;
/*!40000 ALTER TABLE `package` DISABLE KEYS */;
INSERT INTO `package` VALUES (1,1,1,'2024-03-01',5.50),(2,2,2,'2024-03-02',6.80),(3,3,3,'2024-03-02',4.20),(4,1,1,'2024-03-01',5.30),(5,3,3,'2024-03-02',4.00);
/*!40000 ALTER TABLE `package` ENABLE KEYS */;
UNLOCK TABLES;

--
-- Table structure for table `package_contents`
--

DROP TABLE IF EXISTS `package_contents`;
/*!40101 SET @saved_cs_client     = @@character_set_client */;
/*!50503 SET character_set_client = utf8mb4 */;
CREATE TABLE `package_contents` (
  `itemId` int NOT NULL,
  `packageId` int NOT NULL,
  `itemQuantity` int NOT NULL,
  PRIMARY KEY (`itemId`,`packageId`),
  KEY `packageId` (`packageId`),
  CONSTRAINT `package_contents_ibfk_1` FOREIGN KEY (`itemId`) REFERENCES `item` (`itemId`),
  CONSTRAINT `package_contents_ibfk_2` FOREIGN KEY (`packageId`) REFERENCES `package` (`packageId`)
) ENGINE=InnoDB DEFAULT CHARSET=utf8mb4 COLLATE=utf8mb4_0900_ai_ci;
/*!40101 SET character_set_client = @saved_cs_client */;

--
-- Dumping data for table `package_contents`
--

LOCK TABLES `package_contents` WRITE;
/*!40000 ALTER TABLE `package_contents` DISABLE KEYS */;
INSERT INTO `package_contents` VALUES (1,1,10),(2,1,5),(3,1,2),(4,2,15),(5,2,8),(6,3,20),(7,3,10),(8,3,5),(9,4,3),(10,5,2);
/*!40000 ALTER TABLE `package_contents` ENABLE KEYS */;
UNLOCK TABLES;

--
-- Table structure for table `package_type`
--

DROP TABLE IF EXISTS `package_type`;
/*!40101 SET @saved_cs_client     = @@character_set_client */;
/*!50503 SET character_set_client = utf8mb4 */;
CREATE TABLE `package_type` (
  `packageTypeId` int NOT NULL AUTO_INCREMENT,
  `packageTypeName` varchar(200) NOT NULL,
  PRIMARY KEY (`packageTypeId`)
) ENGINE=InnoDB AUTO_INCREMENT=4 DEFAULT CHARSET=utf8mb4 COLLATE=utf8mb4_0900_ai_ci;
/*!40101 SET character_set_client = @saved_cs_client */;

--
-- Dumping data for table `package_type`
--

LOCK TABLES `package_type` WRITE;
/*!40000 ALTER TABLE `package_type` DISABLE KEYS */;
INSERT INTO `package_type` VALUES (1,'Basic Medical'),(2,'Child-Care'),(3,'Food');
/*!40000 ALTER TABLE `package_type` ENABLE KEYS */;
UNLOCK TABLES;

--
-- Table structure for table `packing_list`
--

DROP TABLE IF EXISTS `packing_list`;
/*!40101 SET @saved_cs_client     = @@character_set_client */;
/*!50503 SET character_set_client = utf8mb4 */;
CREATE TABLE `packing_list` (
  `packingListId` int NOT NULL AUTO_INCREMENT,
  `packingListName` varchar(200) NOT NULL,
  `packingListDescription` text,
  PRIMARY KEY (`packingListId`)
) ENGINE=InnoDB AUTO_INCREMENT=4 DEFAULT CHARSET=utf8mb4 COLLATE=utf8mb4_0900_ai_ci;
/*!40101 SET character_set_client = @saved_cs_client */;

--
-- Dumping data for table `packing_list`
--

LOCK TABLES `packing_list` WRITE;
/*!40000 ALTER TABLE `packing_list` DISABLE KEYS */;
INSERT INTO `packing_list` VALUES (1,'Basic Medical','Includes bandages, antiseptic, and painkillers'),(2,'Child-Care','Includes diapers, baby food, and wipes'),(3,'Food','Includes bread, canned food, and water bottles');
/*!40000 ALTER TABLE `packing_list` ENABLE KEYS */;
UNLOCK TABLES;

--
-- Table structure for table `task`
--

DROP TABLE IF EXISTS `task`;
/*!40101 SET @saved_cs_client     = @@character_set_client */;
/*!50503 SET character_set_client = utf8mb4 */;
CREATE TABLE `task` (
  `taskCode` int NOT NULL AUTO_INCREMENT,
  `packingListId` int DEFAULT NULL,
  `taskTypeId` int NOT NULL,
  `taskStatusId` int NOT NULL,
  `taskDescription` text,
  PRIMARY KEY (`taskCode`),
  KEY `packingListId` (`packingListId`),
  KEY `taskTypeId` (`taskTypeId`),
  KEY `taskStatusId` (`taskStatusId`),
  CONSTRAINT `task_ibfk_1` FOREIGN KEY (`packingListId`) REFERENCES `packing_list` (`packingListId`),
  CONSTRAINT `task_ibfk_2` FOREIGN KEY (`taskTypeId`) REFERENCES `task_type` (`taskTypeId`),
  CONSTRAINT `task_ibfk_3` FOREIGN KEY (`taskStatusId`) REFERENCES `task_status` (`taskStatusId`)
) ENGINE=InnoDB AUTO_INCREMENT=11 DEFAULT CHARSET=utf8mb4 COLLATE=utf8mb4_0900_ai_ci;
/*!40101 SET character_set_client = @saved_cs_client */;

--
-- Dumping data for table `task`
--

LOCK TABLES `task` WRITE;
/*!40000 ALTER TABLE `task` DISABLE KEYS */;
INSERT INTO `task` VALUES (1,1,1,2,'Prepare 1000 medical packages'),(2,2,1,1,'Prepare 2000 child-care packages'),(3,3,1,3,'Prepare 5000 food packages'),(4,NULL,2,1,'Deliver supplies to influenced area'),(5,NULL,3,2,'Sort incoming donations'),(6,NULL,4,1,'Clean warehouse'),(7,NULL,5,3,'Answer hotline calls'),(8,1,1,2,'Assemble first-aid kits'),(9,3,1,2,'Prepare nutrition packs'),(10,NULL,2,1,'Deliver emergency tents');
/*!40000 ALTER TABLE `task` ENABLE KEYS */;
UNLOCK TABLES;

--
-- Table structure for table `task_status`
--

DROP TABLE IF EXISTS `task_status`;
/*!40101 SET @saved_cs_client     = @@character_set_client */;
/*!50503 SET character_set_client = utf8mb4 */;
CREATE TABLE `task_status` (
  `taskStatusId` int NOT NULL AUTO_INCREMENT,
  `taskStatusName` varchar(200) NOT NULL,
  PRIMARY KEY (`taskStatusId`)
) ENGINE=InnoDB AUTO_INCREMENT=5 DEFAULT CHARSET=utf8mb4 COLLATE=utf8mb4_0900_ai_ci;
/*!40101 SET character_set_client = @saved_cs_client */;

--
-- Dumping data for table `task_status`
--

LOCK TABLES `task_status` WRITE;
/*!40000 ALTER TABLE `task_status` DISABLE KEYS */;
INSERT INTO `task_status` VALUES (1,'Pending'),(2,'In Progress'),(3,'Completed'),(4,'Cancelled');
/*!40000 ALTER TABLE `task_status` ENABLE KEYS */;
UNLOCK TABLES;

--
-- Table structure for table `task_type`
--

DROP TABLE IF EXISTS `task_type`;
/*!40101 SET @saved_cs_client     = @@character_set_client */;
/*!50503 SET character_set_client = utf8mb4 */;
CREATE TABLE `task_type` (
  `taskTypeId` int NOT NULL AUTO_INCREMENT,
  `taskTypeName` varchar(200) NOT NULL,
  PRIMARY KEY (`taskTypeId`)
) ENGINE=InnoDB AUTO_INCREMENT=6 DEFAULT CHARSET=utf8mb4 COLLATE=utf8mb4_0900_ai_ci;
/*!40101 SET character_set_client = @saved_cs_client */;

--
-- Dumping data for table `task_type`
--

LOCK TABLES `task_type` WRITE;
/*!40000 ALTER TABLE `task_type` DISABLE KEYS */;
INSERT INTO `task_type` VALUES (1,'Packing'),(2,'Delivery'),(3,'Sorting'),(4,'Cleaning'),(5,'Administration');
/*!40000 ALTER TABLE `task_type` ENABLE KEYS */;
UNLOCK TABLES;

--
-- Table structure for table `volunteer`
--

DROP TABLE IF EXISTS `volunteer`;
/*!40101 SET @saved_cs_client     = @@character_set_client */;
/*!50503 SET character_set_client = utf8mb4 */;
CREATE TABLE `volunteer` (
  `volunteerId` int NOT NULL AUTO_INCREMENT,
  `volunteerName` varchar(200) NOT NULL,
  `volunteerAddress` text,
  `volunteerTelephone` varchar(50) DEFAULT NULL,
  PRIMARY KEY (`volunteerId`)
) ENGINE=InnoDB AUTO_INCREMENT=11 DEFAULT CHARSET=utf8mb4 COLLATE=utf8mb4_0900_ai_ci;
/*!40101 SET character_set_client = @saved_cs_client */;

--
-- Dumping data for table `volunteer`
--

LOCK TABLES `volunteer` WRITE;
/*!40000 ALTER TABLE `volunteer` DISABLE KEYS */;
INSERT INTO `volunteer` VALUES (1,'John Wick','123 Main St, Springfield','555-1234'),(2,'Mary Jane','456 Elm St, Springfield','555-5678'),(3,'Jesse Wang','789 Oak St, Hartford','555-7890'),(4,'LeBron James','1111 South Av, Los Angeles','666-4567'),(5,'Bronny James','1234 North Av, Los Angeles','666-5678'),(6,'Charlie Brown','654 Maple St, Capital City','333-1234'),(7,'Kendrick Lamar','999 Maple St, Capital City','333-6789'),(8,'Frank Miller','67 Baker St, Hartford','555-2378'),(9,'James Tucker','100 Spooner St, Quahog','777-3456'),(10,'Peter Griffin','31 Spooner St, Quahog','777-1234');
/*!40000 ALTER TABLE `volunteer` ENABLE KEYS */;
UNLOCK TABLES;
/*!40103 SET TIME_ZONE=@OLD_TIME_ZONE */;

/*!40101 SET SQL_MODE=@OLD_SQL_MODE */;
/*!40014 SET FOREIGN_KEY_CHECKS=@OLD_FOREIGN_KEY_CHECKS */;
/*!40014 SET UNIQUE_CHECKS=@OLD_UNIQUE_CHECKS */;
/*!40101 SET CHARACTER_SET_CLIENT=@OLD_CHARACTER_SET_CLIENT */;
/*!40101 SET CHARACTER_SET_RESULTS=@OLD_CHARACTER_SET_RESULTS */;
/*!40101 SET COLLATION_CONNECTION=@OLD_COLLATION_CONNECTION */;
/*!40111 SET SQL_NOTES=@OLD_SQL_NOTES */;

-- Dump completed on 2025-03-01 15:21:40
